id;title;description;created
1;by athletic mostly;../fake-data/blob/hipster.txt;2023-12-07T12:14:49
2;which;../fake-data/blob/hipster.txt;2023-12-06T18:42:49
3;phooey minus;../fake-data/blob/hipster.txt;2023-12-06T17:09:00
4;worth scarcely;../fake-data/blob/hipster.txt;2023-12-06T18:00:40
5;ack change boo;../fake-data/blob/hipster.txt;2023-12-06T19:31:08
6;likable inside;../fake-data/blob/hipster.txt;2023-12-07T01:33:21
7;ill;../fake-data/blob/hipster.txt;2023-12-06T19:01:53
8;per;../fake-data/blob/hipster.txt;2023-12-07T10:05:12
9;clog;../fake-data/blob/hipster.txt;2023-12-07T08:54:04
10;toward icicle freestyle;../fake-data/blob/hipster.txt;2023-12-06T17:24:03
